Estimation de population au 1er janvier, par département, sexe et grande classe d'âge;;;;;;;;;;;;;;;;;;;
Année 2020;;;;;;;;;;;;;;;;;;;
;;;;;;;;;;;;;;;;;;;
Départements;;Ensemble;;;;;;Hommes;;;;;;Femmes;;;;;
;;0 à 19 ans;20 à 39 ans;40 à 59 ans;60 à 74 ans;75 ans et plus;Total;0 à 19 ans;20 à 39 ans;40 à 59 ans;60 à 74 ans;75 ans et plus;Total;0 à 19 ans;20 à 39 ans;40 à 59 ans;60 à 74 ans;75 ans et plus;Total
01;Ain;169 751;149 202;179 319;104 444;54 299;657 015;87 725;74 711;89 384;50 186;22 008;324 014;82 026;74 491;89 935;54 258;32 291;333 001
02;Aisne;131 790;115 201;135 515;97 893;48 930;529 329;67 899;57 900;67 144;46 904;18 439;258 286;63 891;57 301;68 371;50 989;30 491;271 043
03;Allier;68 578;62 206;85 987;72 092;45 852;334 715;35 231;31 635;42 290;33 750;17 674;160 580;33 347;30 571;43 697;38 342;28 178;174 135
04;Alpes-de-Haute-Provence;34 442;30 365;43 501;35 267;21 214;164 789;17 988;15 230;21 077;17 046;8 721;80 062;16 454;15 135;22 424;18 221;12 493;84 727
05;Hautes-Alpes;30 117;27 261;37 879;29 523;16 409;141 189;15 629;13 800;18 636;14 242;6 625;68 932;14 488;13 461;19 243;15 281;9 784;72 257
06;Alpes-Maritimes;233 772;238 906;286 776;199 312;138 812;1 097 578;119 497;116 928;137 589;90 913;54 099;519 026;114 275;121 978;149 187;108 399;84 713;578 552
07;Ardèche;72 467;61 410;88 243;68 484;38 753;329 357;37 184;30 874;43 900;33 228;15 634;160 820;35 283;30 536;44 343;35 256;23 119;168 537
08;Ardennes;62 619;56 832;71 169;51 779;26 587;268 986;32 162;28 861;35 355;24 783;10 216;131 377;30 457;27 971;35 814;26 996;16 371;137 609
09;Ariège;31 254;28 808;40 796;32 636;19 724;153 218;16 132;14 807;20 064;16 007;7 988;74 998;15 122;14 001;20 732;16 629;11 736;78 220
10;Aube;75 302;70 025;77 760;56 321;31 136;310 544;38 915;35 347;38 230;26 711;11 872;151 075;36 387;34 678;39 530;29 610;19 264;159 469
11;Aude;80 636;71 452;97 783;79 700;46 530;376 101;41 603;35 362;47 376;37 788;18 804;180 933;39 033;36 090;50 407;41 912;27 726;195 168
12;Aveyron;56 675;52 569;72 456;59 333;38 814;279 847;29 499;27 541;36 577;29 066;15 575;138 258;27 176;25 028;35 879;30 267;23 239;141 589
13;Bouches-du-Rhône;485 161;490 953;526 349;342 717;204 964;2 050 144;247 517;239 387;252 574;158 653;80 995;979 126;237 644;251 566;273 775;184 064;123 969;1 071 018
14;Calvados;160 566;160 115;173 936;130 655;69 809;695 081;82 659;79 065;85 361;61 029;25 955;334 069;77 907;81 050;88 575;69 626;43 854;361 012
15;Cantal;27 359;25 772;38 579;32 473;20 068;144 251;13 920;13 173;19 612;16 074;7 827;70 606;13 439;12 599;18 967;16 399;12 241;73 645
16;Charente;72 933;70 216;92 038;73 113;43 105;351 405;37 539;35 465;45 079;34 854;17 165;170 102;35 394;34 751;46 959;38 259;25 940;181 303
17;Charente-Maritime;132 199;122 758;166 495;146 807;86 004;654 263;67 915;61 613;80 731;68 160;34 383;312 802;64 284;61 145;85 764;78 647;51 621;341 461
18;Cher;63 141;59 103;77 732;63 522;37 123;300 621;32 242;30 062;38 395;30 181;14 711;145 591;30 899;29 041;39 337;33 341;22 412;155 030
19;Corrèze;48 283;44 314;62 319;52 026;32 492;239 434;25 233;22 796;31 005;24 690;12 533;116 257;23 050;21 518;31 314;27 336;19 959;123 177
2A;Corse-du-Sud;32 530;33 742;44 167;29 910;19 503;159 852;16 884;16 100;21 582;14 395;8 101;77 062;15 646;17 642;22 585;15 515;11 402;82 790
2B;Haute-Corse;37 590;42 510;48 813;34 337;20 532;183 782;19 575;21 172;23 950;16 657;8 691;90 045;18 015;21 338;24 863;17 680;11 841;93 737
21;Côte-d'Or;120 177;131 054;134 796;95 084;53 127;534 238;61 071;64 983;65 889;44 888;20 793;257 624;59 106;66 071;68 907;50 196;32 334;276 614
22;Côtes-d'Armor;134 012;110 280;153 768;128 098;74 520;600 678;68 718;55 762;76 261;61 003;28 457;290 201;65 294;54 518;77 507;67 095;46 063;310 477
23;Creuse;20 925;19 262;30 078;28 283;17 093;115 641;10 693;10 018;14 950;14 017;6 516;56 194;10 232;9 244;15 128;14 266;10 577;59 447
24;Dordogne;78 546;71 649;107 714;96 524;58 201;412 634;40 318;36 367;52 366;46 230;23 340;198 621;38 228;35 282;55 348;50 294;34 861;214 013
25;Doubs;134 113;133 113;136 858;90 560;50 694;545 338;68 831;66 888;68 163;42 703;20 288;266 873;65 282;66 225;68 695;47 857;30 406;278 465
26;Drôme;125 775;109 847;134 654;94 968;54 234;519 478;64 450;54 772;65 690;44 962;21 697;251 571;61 325;55 075;68 964;50 006;32 537;267 907
27;Eure;152 272;128 282;159 635;106 557;50 993;597 739;78 007;63 746;78 858;50 770;19 852;291 233;74 265;64 536;80 777;55 787;31 141;306 506
28;Eure-et-Loir;108 602;90 850;113 829;76 311;40 822;430 414;55 684;45 438;56 599;36 519;16 231;210 471;52 918;45 412;57 230;39 792;24 591;219 943
29;Finistère;203 071;193 271;239 305;180 760;101 020;917 427;104 649;98 859;119 765;85 564;37 045;445 882;98 422;94 412;119 540;95 196;63 975;471 545
30;Gard;171 627;154 825;195 903;146 845;81 093;750 293;88 062;76 848;94 653;69 367;32 654;361 584;83 565;77 977;101 250;77 478;48 439;388 709
31;Haute-Garonne;335 553;402 588;364 079;202 952;111 563;1 416 735;170 759;200 263;180 620;94 720;43 866;690 228;164 794;202 325;183 459;108 232;67 697;726 507
32;Gers;38 569;33 113;51 542;41 829;26 574;191 627;20 091;16 615;25 384;20 285;11 068;93 443;18 478;16 498;26 158;21 544;15 506;98 184
33;Gironde;379 193;416 796;429 618;269 804;146 733;1 642 144;193 230;203 356;209 641;124 563;56 712;787 502;185 963;213 440;219 977;145 241;90 021;854 642
34;Hérault;270 441;291 188;296 265;210 314;121 416;1 189 624;138 124;141 759;142 953;96 447;49 107;568 390;132 317;149 429;153 312;113 867;72 309;621 234
35;Ille-et-Vilaine;274 226;275 170;280 325;165 872;93 107;1 088 700;140 290;137 110;140 309;78 075;35 845;531 629;133 936;138 060;140 016;87 797;57 262;557 071
36;Indre;43 776;39 106;56 496;48 069;30 514;217 961;22 443;19 723;27 866;23 304;12 020;105 356;21 333;19 383;28 630;24 765;18 494;112 605
37;Indre-et-Loire;142 299;140 615;155 194;109 381;63 571;611 060;72 524;68 628;76 353;51 375;24 920;293 800;69 775;71 987;78 841;58 006;38 651;317 260
38;Isère;323 861;303 227;334 891;202 561;111 778;1 276 318;166 006;151 658;166 204;96 168;44 789;624 825;157 855;151 569;168 687;106 393;66 989;651 493
39;Jura;58 544;51 602;68 583;50 463;29 564;258 756;29 942;26 232;33 960;24 356;11 739;126 229;28 602;25 370;34 623;26 107;17 825;132 527
40;Landes;87 994;78 497;113 461;87 540;49 201;416 693;45 569;39 277;55 847;41 511;19 704;201 908;42 425;39 220;57 614;46 029;29 497;214 785
41;Loir-et-Cher;73 642;62 864;85 558;66 140;40 032;328 236;37 775;31 702;42 367;31 530;15 931;159 305;35 867;31 162;43 191;34 610;24 101;168 931
42;Loire;186 024;169 599;190 617;136 663;83 742;766 645;96 074;84 616;94 036;64 192;32 209;371 127;89 950;84 983;96 581;72 471;51 533;395 518
43;Haute-Loire;51 054;43 342;60 717;46 384;26 133;227 630;26 322;22 220;30 499;22 772;10 093;111 906;24 732;21 122;30 218;23 612;16 040;115 724
44;Loire-Atlantique;364 594;357 852;372 278;229 095;121 071;1 444 890;186 630;179 340;184 301;106 647;45 366;702 284;177 964;178 512;187 977;122 448;75 705;742 606
45;Loiret;172 580;155 769;173 889;116 084;64 120;682 442;88 393;77 580;86 009;54 955;25 535;332 472;84 187;78 189;87 880;61 129;38 585;349 970
46;Lot;32 191;29 891;44 736;41 799;25 535;174 152;16 607;15 262;21 961;20 294;10 407;84 531;15 584;14 629;22 775;21 505;15 128;89 621
47;Lot-et-Garonne;70 744;63 915;84 358;68 384;43 279;330 680;36 300;31 575;41 044;32 142;17 710;158 771;34 444;32 340;43 314;36 242;25 569;171 909
48;Lozère;15 738;14 889;20 437;16 031;9 534;76 629;8 229;7 583;10 476;8 107;3 924;38 319;7 509;7 306;9 961;7 924;5 610;38 310
49;Maine-et-Loire;204 988;189 996;205 536;138 339;81 506;820 365;104 910;94 302;102 048;65 715;31 920;398 895;100 078;95 694;103 488;72 624;49 586;421 470
50;Manche;107 310;97 687;127 575;101 162;60 147;493 881;54 903;50 229;63 661;48 931;23 298;241 022;52 407;47 458;63 914;52 231;36 849;252 859
51;Marne;135 409;139 750;142 740;97 841;49 894;565 634;68 964;70 147;70 424;45 170;18 754;273 459;66 445;69 603;72 316;52 671;31 140;292 175
52;Haute-Marne;35 859;34 693;44 105;35 677;20 227;170 561;18 406;18 291;21 967;17 042;7 806;83 512;17 453;16 402;22 138;18 635;12 421;87 049
53;Mayenne;75 986;62 943;79 068;55 063;33 655;306 715;39 096;32 218;39 779;26 753;13 454;151 300;36 890;30 725;39 289;28 310;20 201;155 415
54;Meurthe-et-Moselle;169 531;188 118;184 155;124 757;66 735;733 296;86 912;94 602;91 157;58 498;25 215;356 384;82 619;93 516;92 998;66 259;41 520;376 912
55;Meuse;40 960;37 805;47 556;36 765;19 141;182 227;21 174;19 808;24 045;17 916;7 369;90 312;19 786;17 997;23 511;18 849;11 772;91 915
56;Morbihan;169 478;147 544;199 500;159 326;87 460;763 308;87 476;75 436;98 536;75 078;33 605;370 131;82 002;72 108;100 964;84 248;53 855;393 177
57;Moselle;233 764;246 781;281 303;187 223;97 490;1 046 561;120 473;125 101;139 356;89 026;37 863;511 819;113 291;121 680;141 947;98 197;59 627;534 742
58;Nièvre;39 486;36 032;50 637;47 605;29 107;202 867;20 306;18 557;24 950;22 734;11 035;97 582;19 180;17 475;25 687;24 871;18 072;105 285
59;Nord;679 119;671 176;650 045;410 584;197 845;2 608 769;347 326;331 926;319 674;188 735;70 783;1 258 444;331 793;339 250;330 371;221 849;127 062;1 350 325
60;Oise;217 606;194 720;222 730;134 305;61 729;831 090;110 615;96 560;110 772;63 760;24 357;406 064;106 991;98 160;111 958;70 545;37 372;425 026
61;Orne;60 807;52 763;70 553;58 586;35 113;277 822;31 401;26 855;35 143;28 265;13 610;135 274;29 406;25 908;35 410;30 321;21 503;142 548
62;Pas-de-Calais;370 815;338 619;375 363;257 039;121 306;1 463 142;189 897;171 783;186 255;119 445;42 880;710 260;180 918;166 836;189 108;137 594;78 426;752 882
63;Puy-de-Dôme;148 498;156 564;170 872;122 490;67 307;665 731;75 396;78 169;85 249;57 932;25 677;322 423;73 102;78 395;85 623;64 558;41 630;343 308
64;Pyrénées-Atlantiques;144 170;143 627;183 293;131 256;83 081;685 427;73 880;71 544;89 442;61 482;31 830;328 178;70 290;72 083;93 851;69 774;51 251;357 249
65;Hautes-Pyrénées;46 020;44 152;59 966;49 288;30 687;230 113;23 932;22 660;29 121;23 350;11 835;110 898;22 088;21 492;30 845;25 938;18 852;119 215
66;Pyrénées-Orientales;104 370;94 634;122 449;98 340;61 939;481 732;53 514;46 085;58 837;45 672;24 823;228 931;50 856;48 549;63 612;52 668;37 116;252 801
67;Bas-Rhin;261 548;290 646;303 825;189 950;99 912;1 145 881;133 650;142 838;150 314;90 908;39 449;557 159;127 898;147 808;153 511;99 042;60 463;588 722
68;Haut-Rhin;177 710;173 338;209 809;135 029;72 168;768 054;91 611;86 510;104 313;65 097;29 007;376 538;86 099;86 828;105 496;69 932;43 161;391 516
69;Rhône;478 494;530 232;460 789;260 420;158 274;1 888 209;243 493;257 701;226 860;119 052;61 384;908 490;235 001;272 531;233 929;141 368;96 890;979 719
70;Haute-Saône;53 657;45 989;62 963;47 239;24 758;234 606;27 727;23 245;31 481;22 958;9 909;115 320;25 930;22 744;31 482;24 281;14 849;119 286
71;Saône-et-Loire;119 350;104 960;142 258;114 169;69 298;550 035;61 507;53 375;70 317;54 708;27 131;267 038;57 843;51 585;71 941;59 461;42 167;282 997
72;Sarthe;137 459;119 523;144 761;103 710;60 516;565 969;70 700;59 549;72 183;49 301;23 739;275 472;66 759;59 974;72 578;54 409;36 777;290 497
73;Savoie;101 045;97 916;118 560;77 244;43 705;438 470;52 146;49 322;59 192;36 938;17 092;214 690;48 899;48 594;59 368;40 306;26 613;223 780
74;Haute-Savoie;206 965;206 537;230 546;124 580;65 652;834 280;107 114;104 158;114 455;58 846;26 098;410 671;99 851;102 379;116 091;65 734;39 554;423 609
75;Paris;408 666;719 599;543 523;312 571;172 737;2 157 096;205 993;339 751;264 726;139 803;65 592;1 015 865;202 673;379 848;278 797;172 768;107 145;1 141 231
76;Seine-Maritime;305 565;300 872;313 058;219 258;116 362;1 255 115;156 945;148 917;153 447;101 504;43 401;604 214;148 620;151 955;159 611;117 754;72 961;650 901
77;Seine-et-Marne;393 336;357 246;383 460;202 882;92 169;1 429 093;201 018;173 740;187 688;96 726;36 237;695 409;192 318;183 506;195 772;106 156;55 932;733 684
78;Yvelines;390 167;343 465;395 992;209 321;114 387;1 453 332;200 500;168 883;195 185;97 301;45 972;707 841;189 667;174 582;200 807;112 020;68 415;745 491
79;Deux-Sèvres;86 164;73 956;99 574;72 045;43 183;374 922;44 357;37 572;49 293;34 844;17 496;183 562;41 807;36 384;50 281;37 201;25 687;191 360
80;Somme;135 677;136 299;144 740;100 759;51 863;569 338;69 680;67 809;71 731;47 303;19 603;276 126;65 997;68 490;73 009;53 456;32 260;293 212
81;Tarn;85 813;75 556;103 050;77 443;49 049;390 911;44 054;37 666;50 598;36 745;19 528;188 591;41 759;37 890;52 452;40 698;29 521;202 320
82;Tarn-et-Garonne;63 516;52 338;70 220;47 917;27 837;261 828;32 975;26 206;34 669;23 011;11 393;128 254;30 541;26 132;35 551;24 906;16 444;133 574
83;Var;226 658;217 753;278 743;218 168;142 012;1 083 334;117 137;109 223;134 797;101 231;57 880;520 268;109 521;108 530;143 946;116 937;84 132;563 066
84;Vaucluse;133 010;118 980;146 280;103 883;59 807;561 960;68 431;58 217;70 641;48 380;23 887;269 556;64 579;60 763;75 639;55 503;35 920;292 404
85;Vendée;158 784;133 897;177 489;142 050;77 763;689 983;81 716;67 687;88 318;67 846;31 266;336 833;77 068;66 210;89 171;74 204;46 497;353 150
86;Vienne;100 624;103 219;108 283;79 771;47 103;439 000;51 115;51 080;53 121;38 170;18 638;212 124;49 509;52 139;55 162;41 601;28 465;226 876
87;Haute-Vienne;78 645;79 748;94 269;74 187;44 598;371 447;39 884;38 671;46 248;34 864;17 183;176 850;38 761;41 077;48 021;39 323;27 415;194 597
88;Vosges;78 946;72 041;95 531;75 435;40 781;362 734;40 680;36 772;47 621;36 256;15 389;176 718;38 266;35 269;47 910;39 179;25 392;186 016
89;Yonne;75 476;65 409;86 449;68 381;38 226;333 941;39 071;32 914;42 614;33 039;15 032;162 670;36 405;32 495;43 835;35 342;23 194;171 271
90;Territoire de Belfort;33 645;32 666;36 457;24 408;13 059;140 235;17 706;17 242;18 103;11 658;5 021;69 730;15 939;15 424;18 354;12 750;8 038;70 505
91;Essonne;356 310;332 738;345 762;178 318;93 149;1 306 277;182 373;164 470;171 378;84 335;37 274;639 830;173 937;168 268;174 384;93 983;55 875;666 447
92;Hauts-de-Seine;407 505;455 569;435 000;213 254;119 006;1 630 334;207 853;219 880;207 515;95 915;44 753;775 916;199 652;235 689;227 485;117 339;74 253;854 418
93;Seine-Saint-Denis;485 563;467 364;421 790;197 328;85 002;1 657 047;246 926;226 892;212 312;94 573;34 146;814 849;238 637;240 472;209 478;102 755;50 856;842 198
94;Val-de-Marne;365 514;392 712;369 050;189 814;99 381;1 416 471;186 195;190 170;179 269;88 171;37 592;681 397;179 319;202 542;189 781;101 643;61 789;735 074
95;Val-d'Oise;362 800;328 224;324 786;169 031;74 102;1 258 943;185 512;158 739;158 713;79 578;29 241;611 783;177 288;169 485;166 073;89 453;44 861;647 160
France métropolitaine ;;15 530 096;15 392 572;16 901 659;11 219 910;6 240 152;65 284 389;7 955 389;7 623 481;8 316 453;5 277 348;2 432 281;31 604 952;7 574 707;7 769 091;8 585 206;5 942 562;3 807 871;33 679 437
971;Guadeloupe ;92 899;73 398;110 353;70 215;34 040;380 905;46 795;32 983;48 073;32 587;13 411;173 849;46 104;40 415;62 280;37 628;20 629;207 056
972;Martinique ;79 389;68 324;105 721;70 661;36 185;360 280;39 898;31 158;46 474;32 627;14 508;164 665;39 491;37 166;59 247;38 034;21 677;195 615
973;Guyane;118 792;79 086;60 925;21 327;5 902;286 032;59 401;36 803;29 502;10 597;2 528;138 831;59 391;42 283;31 423;10 730;3 374;147 201
974;La Réunion;258 137;206 122;239 012;115 815;44 111;863 197;130 684;95 199;113 201;54 789;17 183;411 056;127 453;110 923;125 811;61 026;26 928;452 141
976;Mayotte;150 164;74 287;42 841;9 502;2 525;279 319;74 258;31 201;21 506;4 965;1 194;133 124;75 906;43 086;21 335;4 537;1 331;146 195
DOM;;699 381;501 217;558 852;287 520;122 763;2 169 733;351 036;227 344;258 756;135 565;48 824;1 021 525;348 345;273 873;300 096;151 955;73 939;1 148 208
France métropolitaine et DOM;;16 229 477;15 893 789;17 460 511;11 507 430;6 362 915;67 454 122;8 306 425;7 850 825;8 575 209;5 412 913;2 481 105;32 626 477;7 923 052;8 042 964;8 885 302;6 094 517;3 881 810;34 827 645
;;;;;;;;;;;;;;;;;;;
Source : Insee - Estimations de population (résultats provisoires arrêtés fin 2021).;;;;;;;;;;;;;;;;;;;
